test,仕訳作成年月日,test2,更新番号・親,契約管理番号,test4
123,2024-12-24,default_value,,,1
123,2024-12-24,default_value,,,2
123,2024-12-24,default_value,,,1
123,2024-12-24,default_value,,,2
123,2024-12-24,default_value,,,1
123,2024-12-24,default_value,,,2
123,2024-12-24,default_value,,,1
123,2024-12-24,default_value,,,2
123,2024-12-23,default_value,,,1
123,2024-12-23,default_value,,,2
123,2024-12-23,default_value,,,1
123,2024-12-23,default_value,,,2
123,2024-12-23,default_value,,,1
123,2024-12-23,default_value,,,2
123,2024-12-23,default_value,,,1
123,2024-12-23,default_value,,,2
123,2024-12-19,default_value,,,1
123,2024-12-19,default_value,,,2
123,2024-12-19,default_value,,,1
123,2024-12-19,default_value,,,2
123,2024-12-18,default_value,10081,UAT005,default_value
123,2024-12-18,default_value,10081,UAT005,default_value
123,2024-12-18,default_value,10081,UAT005,default_value
123,2024-12-18,default_value,10081,UAT005,default_value
123,2024-12-18,default_value,10081,UAT005,default_value
